Sr,Sentence,Annotation1,Annotation2,Category,isSame
1,The gentle hum of the coffee shop brought a strange comfort amidst the chaos.,Positive,Positive,Sentiment,TRUE
2,"The presentation left everyone in awe, though not a single compliment was spoken.",Positive,Positive,Sentiment,TRUE
3,"She walked into the room, and an undeniable air of confidence followed.",Positive,Positive,Sentiment,TRUE
4,The warmth of the sunlight filtering through the leaves was enough to linger a little longer.,Positive,Positive,Sentiment,TRUE
5,"Though the journey was exhausting, something about it felt deeply rewarding.",Positive,Positive,Sentiment,TRUE
6,The subtle smile on his face hinted at a quiet satisfaction.,Positive,Positive,Sentiment,TRUE
7,"With each turn of the page, the story seemed to pull her in more deeply.",Positive,Positive,Sentiment,TRUE
8,"The concert was unlike anything they'd experienced, leaving an unforgettable impression.",Positive,Positive,Sentiment,TRUE
9,The simple act of sharing a meal seemed to strengthen their bond.,Positive,Positive,Sentiment,TRUE
10,There was something strangely reassuring about the orderly chaos of the city.,Positive,Positive,Sentiment,TRUE
11,"Even in silence, the room was filled with an unspoken sense of understanding.",Positive,Positive,Sentiment,TRUE
12,Her eyes sparkled as she recounted the day's unexpected turn of events.,Positive,Positive,Sentiment,TRUE
13,"The view from the top was breathtaking, despite the grueling climb.",Positive,Positive,Sentiment,TRUE
14,Every mistake felt like a stepping stone rather than a setback.,Positive,Positive,Sentiment,TRUE
15,"The small victories, though unnoticed by most, were celebrated quietly.",Positive,Positive,Sentiment,TRUE
16,The aroma of freshly baked bread brought a fleeting sense of nostalgia.,Positive,Positive,Sentiment,TRUE
17,Each step felt lighter as the day unfolded into something unexpectedly delightful.,Positive,Positive,Sentiment,TRUE
18,The vibrant colors of the sunset made the moment feel timeless.,Positive,Positive,Sentiment,TRUE
19,"The smile on his face was enough to lift her spirits, even on a gloomy day.",Positive,Positive,Sentiment,TRUE
20,The scent of fresh flowers in the garden brought her a sense of peace.,Positive,Positive,Sentiment,TRUE
21,"The evening sky was painted in hues of pink and gold, offering a serene end to the day.",Positive,Positive,Sentiment,TRUE
22,"The quiet hum of the city outside was oddly soothing, almost like a lullaby.",Positive,Positive,Sentiment,TRUE
23,"The team celebrated their small wins, knowing they were laying the groundwork for something bigger.",Positive,Positive,Sentiment,TRUE
24,"The long conversation felt effortless, as though they had known each other forever.",Positive,Positive,Sentiment,TRUE
25,The crisp air of the early morning filled her with a sense of possibility.,Positive,Positive,Sentiment,TRUE
26,"The music played softly in the background, adding an enchanting atmosphere to the evening.",Positive,Positive,Sentiment,TRUE
27,The subtle change in the weather seemed to bring a fresh perspective to the day.,Positive,Positive,Sentiment,TRUE
28,"With every setback, she found herself growing more resilient in ways she never imagined.",Positive,Positive,Sentiment,TRUE
29,"Even in the midst of uncertainty, there was a comfort in knowing they were in it together.",Positive,Positive,Sentiment,TRUE
30,"The silence of the early morning was broken only by the soft rustling of leaves, creating a sense of peace.",Positive,Positive,Sentiment,TRUE
31,"Despite the long wait, the feeling of finally reaching the destination was more rewarding than expected.",Positive,Positive,Sentiment,TRUE
32,"Every unexpected twist in the journey seemed to add to the adventure, making it memorable.",Positive,Positive,Sentiment,TRUE
33,"The simplicity of the scene made it feel timeless, offering a quiet kind of beauty.",Positive,Positive,Sentiment,TRUE
34,"Even though it was a challenge, every step forward brought a sense of accomplishment.",Positive,Positive,Sentiment,TRUE
35,"The small gestures of kindness, though subtle, had a lasting impact.",Positive,Positive,Sentiment,TRUE
36,The peacefulness of the countryside provided a welcome contrast to the busy city life.,Positive,Positive,Sentiment,TRUE
37,"Though there were setbacks, the process itself felt like an important lesson.",Positive,Positive,Sentiment,TRUE
38,"Amidst the challenges, there was an underlying sense of growth and progress.",Positive,Positive,Sentiment,TRUE
39,"Even the rain, which some might find inconvenient, brought a refreshing change to the day.",Positive,Positive,Sentiment,TRUE
40,"The constant noise in the city was unbearable, making it impossible to concentrate.",Negative,Negative,Sentiment,TRUE
41,"After the argument, there was a heavy silence that seemed to last forever.",Negative,Negative,Sentiment,TRUE
42,"Despite all the effort, the project failed to meet expectations, leaving everyone disappointed.",Negative,Negative,Sentiment,TRUE
43,The endless delays made the situation more frustrating than it needed to be.,Negative,Negative,Sentiment,TRUE
44,"Her absence from the meeting was noticed immediately, creating an awkward atmosphere.",Negative,Negative,Sentiment,TRUE
45,The dark clouds overhead made it seem like the day would never brighten up.,Negative,Negative,Sentiment,TRUE
46,"Nothing went as planned, and it felt like everything was falling apart.",Negative,Negative,Sentiment,TRUE
47,The harsh criticism left him feeling demotivated and uncertain about his abilities.,Negative,Negative,Sentiment,TRUE
48,"The project seemed doomed from the start, with one problem after another.",Negative,Negative,Sentiment,TRUE
49,The constant pressure to meet deadlines was beginning to take a toll on his health.,Negative,Negative,Sentiment,TRUE
50,"The loss of the key document set the project back by weeks, causing panic.",Negative,Negative,Sentiment,TRUE
51,"Despite their best efforts, the event turned out to be a total disaster.",Negative,Negative,Sentiment,TRUE
52,Every attempt to fix the issue only seemed to make things worse.,Negative,Negative,Sentiment,TRUE
53,"The storm left a path of destruction, with no sign of recovery in sight.",Negative,Negative,Sentiment,TRUE
54,His constant complaining made the atmosphere in the office unbearable.,Negative,Negative,Sentiment,TRUE
55,"The project was riddled with errors, and no one could find a solution in time.",Negative,Negative,Sentiment,TRUE
56,Trying to resolve the issue only seemed to make everyone more frustrated and helpless.,Negative,Negative,Sentiment,TRUE
57,The lack of communication from the team left everyone in the dark about what was happening.,Negative,Negative,Sentiment,TRUE
58,The constant failures felt like a never-ending cycle that drained all motivation.,Negative,Neutral,Sentiment,FALSE
59,"The project's scope was too large, and it was clear that they were in over their heads.",Negative,Negative,Sentiment,TRUE
60,"The situation was getting worse by the minute, and no one had a solution.",Negative,Negative,Sentiment,TRUE
61,The miscommunication between the departments led to a lot of confusion and mistakes.,Negative,Negative,Sentiment,TRUE
62,Her decision to cancel at the last minute left everyone scrambling to find a replacement.,Negative,Negative,Sentiment,TRUE
63,"Despite the warnings, they continued down the path that led to even bigger problems.",Negative,Neutral,Sentiment,FALSE
64,"The company's financial troubles were becoming more apparent, with no clear solution in sight.",Negative,Negative,Sentiment,TRUE
65,The constant pressure to meet unrealistic goals was wearing everyone down.,Negative,Negative,Sentiment,TRUE
66,"The project manager's lack of experience was evident, and it caused unnecessary delays.",Negative,Negative,Sentiment,TRUE
67,His inability to understand the situation made things more complicated and stressful for everyone.,Negative,Neutral,Sentiment,FALSE
68,The unexpected turn of events left everyone feeling defeated and unsure of the next steps.,Negative,Negative,Sentiment,TRUE
69,The team's lack of coordination led to missed opportunities and wasted time.,Negative,Negative,Sentiment,TRUE
70,"The repeated failures were beginning to take a toll on team morale, and motivation was at an all-time low.",Negative,Negative,Sentiment,TRUE
71,His refusal to listen to others made the entire situation more difficult to handle.,Negative,Negative,Sentiment,TRUE
72,"Despite the clear need for change, no one was willing to make the first move.",Negative,Negative,Sentiment,TRUE
73,Every attempt to resolve the issue only led to more misunderstandings and confusion.,Negative,Negative,Sentiment,TRUE
74,The lack of support from management made the situation feel even more hopeless.,Negative,Negative,Sentiment,TRUE
75,"His poor decision-making continued to cause setbacks, frustrating everyone involved.",Negative,Negative,Sentiment,TRUE
76,"Despite the calm weather, there was an undeniable sense of anticipation in the air.",Neutral,Positive,Sentiment,FALSE
77,"The day went by without any major events, but there was a quiet satisfaction in the routine.",Neutral,Positive,Sentiment,FALSE
78,"Although the food wasn't extraordinary, it was exactly what was needed at the time.",Neutral,Neutral,Sentiment,TRUE
79,"The meeting was longer than expected, but we ended up making some progress.",Neutral,Positive,Sentiment,FALSE
80,"The sky remained overcast, yet there was a certain peacefulness to the scene.",Neutral,Positive,Sentiment,FALSE
81,"The event went smoothly, though there were no major highlights to remember.",Neutral,Neutral,Sentiment,TRUE
82,"Although the conversation didn't spark any strong opinions, it left everyone with something to think about.",Neutral,Neutral,Sentiment,TRUE
83,"While there wasn't much excitement, the subtle details of the day felt pleasant.",Neutral,Neutral,Sentiment,TRUE
84,"The day ended without any setbacks, which brought a sense of quiet relief.",Neutral,Neutral,Sentiment,TRUE
85,"Even though the project wasn't groundbreaking, it was still a step in the right direction.",Neutral,Neutral,Sentiment,TRUE
86,"The meeting ended without any major issues, though there was some tension lingering afterward.",Negative,Negative,Sentiment,TRUE
87,"The day was uneventful, with a few minor inconveniences, but nothing that ruined the overall mood.",Negative,Negative,Sentiment,TRUE
88,"Though everything was in order, there was a slight sense of disappointment in the air.",Negative,Negative,Sentiment,TRUE
89,"While the food was acceptable, it didn't quite meet the expectations set by the restaurant.",Negative,Negative,Sentiment,TRUE
90,"The project moved forward, though there were a few setbacks that could have been avoided.",Negative,Negative,Sentiment,TRUE
91,"The weather was clear, but there was a subtle chill in the air that made it less pleasant.",Negative,Negative,Sentiment,TRUE
92,"Everything was functional, but it lacked the excitement everyone was hoping for.",Negative,Negative,Sentiment,TRUE
93,"Though there was progress, it wasn't as fast as expected, leaving some lingering doubts.",Negative,Negative,Sentiment,TRUE
94,"The event was fine, but it lacked the energy that would have made it memorable.",Negative,Negative,Sentiment,TRUE
95,"The product worked as intended, but there were some minor issues that weren't ideal.",Negative,Negative,Sentiment,TRUE
96,"The project is moving along steadily, and things are looking okay for now.",Neutral,Neutral,Sentiment,TRUE
97,"Though the work was challenging, it felt fulfilling to make progress.",Neutral,Neutral,Sentiment,TRUE
98,"While the day wasn't perfect, there were small moments that made it pleasant.",Neutral,Neutral,Sentiment,TRUE
99,"Despite a few hurdles, there's a sense of satisfaction in having completed the task.",Neutral,Positive,Sentiment,FALSE
100,"Though there were a few hiccups along the way, the overall experience turned out to be rewarding.",Positive,Positive,Sentiment,TRUE
101,"This new place is decent, but it could be better.",Positive,Negative,Sentiment,FALSE
102,"I enjoyed the show, though some parts were a bit slow.",Positive,Positive,Sentiment,TRUE
103,"The food was good, but not as great as I was hoping.",Positive,Negative,Sentiment,FALSE
104,"The weather is nice today, though it's a bit too chilly for my liking.",Positive,Positive,Sentiment,TRUE
105,"I had a good time at the party, but I left a little earlier than planned.",Positive,Positive,Sentiment,TRUE
106,"The product works fine, but I feel like it could have more features.",Positive,Negative,Sentiment,FALSE
107,"I liked the movie overall, but some of the scenes felt unnecessary.",Positive,Negative,Sentiment,FALSE
108,"The book was interesting, though some chapters felt a bit repetitive.",Positive,Positive,Sentiment,TRUE
109,"The concert was nice, but the sound quality could have been better.",Positive,Negative,Sentiment,FALSE
110,"I've been feeling okay lately, not too bad, but not great either.",Positive,Negative,Sentiment,FALSE
111,Analyze large datasets to extract valuable insights and make data-driven decisions.,Data Scientist,Data Scientist,Job Role,TRUE
112,Develop predictive models and machine learning algorithms to solve complex business problems.,Data Scientist,Data Scientist,Job Role,TRUE
113,"Clean, preprocess, and transform raw data into a usable format for analysis and modeling.",Data Scientist,Data Scientist,Job Role,TRUE
114,Collaborate with business stakeholders to understand their needs and translate them into data science solutions.,Data Scientist,Data Scientist,Job Role,TRUE
115,"Perform exploratory data analysis (EDA) to identify patterns, trends, and anomalies in data.",Data Scientist,Data Scientist,Job Role,TRUE
116,Build and maintain data pipelines for efficient data processing and analysis.,Data Scientist,Data Scientist,Job Role,TRUE
117,Deploy machine learning models into production and monitor their performance over time.,Data Scientist,Data Scientist,Job Role,TRUE
118,Create and maintain dashboards and reports to communicate findings to non-technical stakeholders.,Data Scientist,Data Scientist,Job Role,TRUE
119,Use statistical analysis to test hypotheses and validate data-driven decisions.,Data Scientist,Data Scientist,Job Role,TRUE
120,"Work with big data technologies such as Hadoop, Spark, and SQL to manage large-scale datasets.",Data Scientist,Data Scientist,Job Role,TRUE
121,Apply natural language processing (NLP) techniques to extract insights from unstructured text data.,Data Scientist,Data Scientist,Job Role,TRUE
122,Collaborate with engineers to ensure that data collection processes are scalable and efficient.,Data Scientist,Data Scientist,Job Role,TRUE
123,Perform A/B testing and experimentation to validate model performance and business strategies.,Data Scientist,Data Scientist,Job Role,TRUE
124,Use visualization tools such as Tableau or Power BI to present data insights in an easy-to-understand format.,Data Scientist,Data Scientist,Job Role,TRUE
125,Develop algorithms for recommendation systems to improve user engagement and experience.,Data Scientist,Data Scientist,Job Role,TRUE
126,"Stay up-to-date with the latest data science trends, tools, and techniques to continuously improve processes.",Data Scientist,Data Scientist,Job Role,TRUE
127,Perform data mining and statistical modeling to identify key trends and opportunities for business growth.,Data Scientist,Data Scientist,Job Role,TRUE
128,"Create automated workflows for data collection, cleaning, and reporting to reduce manual intervention.",Data Scientist,Data Scientist,Job Role,TRUE
129,Work with cross-functional teams to integrate data science models into existing business processes.,Data Scientist,Data Scientist,Job Role,TRUE
130,Assist in the development of new data products and services by providing insights from data analysis.,Data Scientist,Data Scientist,Job Role,TRUE
131,Design and implement machine learning algorithms to optimize business processes and increase operational efficiency.,Data Scientist,Data Scientist,Job Role,TRUE
132,"Work with data engineers to ensure data is properly cleaned, structured, and stored for analysis.",Data Scientist,Data Scientist,Job Role,TRUE
133,"Monitor and optimize the performance of deployed models, ensuring they remain accurate and effective over time.",Data Scientist,Data Scientist,Job Role,TRUE
134,Collaborate with product teams to identify key metrics and measure the impact of new features.,Data Scientist,Data Scientist,Job Role,TRUE
135,"Use advanced statistical methods, such as regression analysis and hypothesis testing, to inform decision-making.",Data Scientist,Data Scientist,Job Role,TRUE
136,"Develop and validate complex models for classification, regression, and time-series forecasting.",Data Scientist,Data Scientist,Job Role,TRUE
137,Create and present comprehensive reports that summarize findings and offer actionable insights for business improvements.,Data Scientist,Data Scientist,Job Role,TRUE
138,Conduct sentiment analysis on customer feedback and social media data to guide product development.,Data Scientist,Data Scientist,Job Role,TRUE
139,Work with data visualization tools to design and implement compelling visual stories for presenting data insights.,Data Scientist,Data Scientist,Job Role,TRUE
140,Ensure the accuracy and quality of datasets by identifying and correcting errors in data collection and entry.,Data Scientist,Data Scientist,Job Role,TRUE
141,Use clustering techniques to segment customers or products into meaningful categories for targeted marketing.,Data Scientist,Data Scientist,Job Role,TRUE
142,Analyze trends in data to predict future outcomes and advise the business on strategic decisions.,Data Scientist,Data Scientist,Job Role,TRUE
143,"Work with unstructured data, such as images, audio, and text, using deep learning and AI techniques.",Data Scientist,Data Scientist,Job Role,TRUE
144,Design and execute data-driven experiments to understand customer behavior and improve user experience.,Data Scientist,Data Scientist,Job Role,TRUE
145,Identify data quality issues and collaborate with other teams to resolve them quickly and efficiently.,Data Scientist,Data Scientist,Job Role,TRUE
146,Develop solutions for automating data collection and processing tasks to improve the efficiency of data workflows.,Data Scientist,Data Scientist,Job Role,TRUE
147,Engage with stakeholders to gather business requirements and translate them into data science problems.,Data Scientist,Data Scientist,Job Role,TRUE
148,"Build data models to optimize supply chain operations, inventory management, and resource allocation.",Data Engineer,Data Engineer,Job Role,TRUE
149,Contribute to the development of data-driven products and services by leveraging machine learning insights.,Data Scientist,Data Scientist,Job Role,TRUE
150,"Provide mentorship and guidance to junior data scientists, helping them grow their skills and knowledge.",Data Scientist,Data Scientist,Job Role,TRUE
151,Design and implement machine learning algorithms to solve complex business problems using Python and TensorFlow.,ML Engineer,ML Engineer,Job Role,TRUE
152,Optimize machine learning models for accuracy and performance using techniques like hyperparameter tuning and cross-validation.,Data Scientist,Data Scientist,Job Role,TRUE
153,Develop and deploy end-to-end machine learning pipelines from data preprocessing to model deployment using Docker and Kubernetes.,ML Engineer,ML Engineer,Job Role,TRUE
154,Work with data scientists to integrate machine learning models into business processes using Python and SQL.,ML Engineer,ML Engineer,Job Role,TRUE
155,"Ensure machine learning models are production-ready by writing efficient, scalable code using Python and Git.",ML Engineer,Data Engineer,Job Role,FALSE
156,Build and train deep learning models for image classification and object detection using PyTorch and TensorFlow.,ML Engineer,ML Engineer,Job Role,TRUE
157,"Automate data preprocessing, feature extraction, and cleaning tasks using Pandas, NumPy, and Dask.",ML Engineer,ML Engineer,Job Role,TRUE
158,Monitor and maintain the performance of machine learning models in production environments using Prometheus and Grafana.,ML Engineer,ML Engineer,Job Role,TRUE
159,Implement real-time machine learning solutions to handle live data streams using Kafka and Spark.,ML Engineer,Data Engineer,Job Role,FALSE
160,Design and implement models for NLP tasks such as text classification and sentiment analysis using Hugging Face and spaCy.,ML Engineer,Data Engineer,Job Role,FALSE
161,Develop machine learning models for predictive analytics in sales forecasting and demand planning using XGBoost and LightGBM.,ML Engineer,ML Engineer,Job Role,TRUE
162,Collaborate with cross-functional teams to refine model requirements and integrate machine learning into existing systems using Flask.,ML Engineer,Data Scientist,Job Role,FALSE
163,"Deploy machine learning models on cloud platforms such as AWS, GCP, or Azure for scalable solutions.",ML Engineer,Data Engineer,Job Role,FALSE
164,"Perform exploratory data analysis (EDA) and feature engineering to improve model performance using Python, Pandas, and Matplotlib.",ML Engineer,ML Engineer,Job Role,TRUE
165,Design and implement recommendation systems to enhance user experience using collaborative filtering and deep learning techniques.,ML Engineer,Data Engineer,Job Role,FALSE
166,Develop algorithms for anomaly detection in time-series data to improve system reliability using scikit-learn and Prophet.,ML Engineer,Data Engineer,Job Role,FALSE
167,Implement clustering algorithms for customer segmentation and market analysis using KMeans and DBSCAN.,ML Engineer,ML Engineer,Job Role,TRUE
168,Integrate machine learning models with web services for seamless deployment and user interaction using FastAPI and Flask.,ML Engineer,Data Engineer,Job Role,FALSE
169,"Test and evaluate model performance, addressing any issues or bias using fairness and interpretability tools like SHAP and LIME.",ML Engineer,ML Engineer,Job Role,TRUE
170,"Contribute to research and development of cutting-edge machine learning technologies, staying up-to-date with the latest techniques and tools.",ML Engineer,Data Scientist,Job Role,FALSE
171,"Design and implement robust data pipelines to handle large-scale data processing using Apache Spark, Kafka, and Airflow.",Data Engineer,Data Engineer,Job Role,TRUE
172,"Build and maintain scalable data architectures to support real-time data ingestion and analytics with AWS, Redshift, and DynamoDB.",Data Engineer,Data Engineer,Job Role,TRUE
173,"Develop and optimize ETL processes for data integration and transformation using Python, SQL, and Apache NiFi.",Data Engineer,Data Engineer,Job Role,TRUE
174,Ensure data quality and consistency by designing and implementing automated data validation and monitoring systems using DBT and Great Expectations.,Data Engineer,Data Engineer,Job Role,TRUE
175,"Work with cross-functional teams to define and implement data models and schemas using SQL, Snowflake, and BigQuery.",Data Engineer,Data Engineer,Job Role,TRUE
176,"Optimize and maintain data storage solutions for performance and cost efficiency in cloud environments such as AWS S3, Azure Data Lake, and GCP Storage.",Data Engineer,Data Engineer,Job Role,TRUE
177,"Build and manage data lakes and data warehouses to support analytics and reporting with tools like Apache Hive, Amazon Redshift, and Google BigQuery.",Data Engineer,Data Engineer,Job Role,TRUE
178,Develop and manage data infrastructure and frameworks to support machine learning and analytics workloads using Hadoop and Spark.,Data Engineer,Data Engineer,Job Role,TRUE
179,"Automate data pipelines for batch and real-time data processing with Apache Kafka, Apache Flink, and Apache Beam.",Data Engineer,Data Engineer,Job Role,TRUE
180,Create and manage efficient data workflows to improve data accessibility and reporting capabilities using Apache Airflow and Luigi.,Data Engineer,Data Engineer,Job Role,TRUE
181,"Implement data security and compliance measures to ensure the integrity and confidentiality of data using encryption, IAM roles, and GDPR best practices.",Data Engineer,Data Engineer,Job Role,TRUE
182,"Work with stakeholders to gather requirements and design data architecture solutions using tools like Snowflake, AWS RDS, and Microsoft SQL Server.",Data Engineer,Data Engineer,Job Role,TRUE
183,"Perform data profiling, cleansing, and normalization to prepare datasets for analytics using Python, Pandas, and SQL.",Data Engineer,Data Engineer,Job Role,TRUE
184,"Ensure data availability and performance by monitoring and troubleshooting data pipelines with tools like Datadog, CloudWatch, and Prometheus.",Data Engineer,Data Engineer,Job Role,TRUE
185,"Collaborate with data scientists to ensure the availability of clean, high-quality data for training machine learning models using S3, Redshift, and Kafka.",Data Engineer,Data Engineer,Job Role,TRUE
186,"Implement real-time data processing solutions for operational systems using Apache Kafka, Flink, and AWS Lambda.",Data Engineer,Data Engineer,Job Role,TRUE
187,Design and implement data partitioning strategies to optimize query performance and storage efficiency using HDFS and Parquet.,Data Engineer,Data Engineer,Job Role,TRUE
188,"Develop custom connectors for data sources and ensure seamless data extraction with APIs, RESTful services, and SQL-based tools.",Data Engineer,Data Engineer,Job Role,TRUE
189,"Automate data loading and transformation tasks across various data platforms using Python, Apache Airflow, and Jenkins.",Data Engineer,Data Engineer,Job Role,TRUE
190,"Design and deploy cloud-native data infrastructure to support scalable, high-performance analytics solutions using AWS Glue, GCP Dataflow, and Kubernetes.",Data Engineer,Data Engineer,Job Role,TRUE
191,"Design and implement machine learning models while collaborating with data engineers to ensure clean and structured data for analysis, using Python and SQL.",Data Scientist,Data Scientist,Job Role,TRUE
192,"Build and optimize data pipelines for preprocessing large datasets, working with data engineers to ensure efficient model training, leveraging ETL processes and Apache Airflow.",Data Scientist,Data Scientist,Job Role,TRUE
193,"Work with data engineers to ensure the availability and consistency of data for predictive modeling and reporting tasks, using Hadoop and AWS Redshift.",Data Scientist,Data Scientist,Job Role,TRUE
194,"Develop machine learning models and deploy them while ensuring that data preprocessing and storage solutions are optimized by data engineers, with tools like TensorFlow and Apache Kafka.",Data Scientist,Data Scientist,Job Role,TRUE
195,"Collaborate with data engineers to design data architectures that support large-scale machine learning algorithms, utilizing Python, Spark, and cloud technologies such as AWS and GCP.",Data Scientist,Data Engineer,Job Role,FALSE
196,"Analyze and clean data while coordinating with data engineers to develop efficient data pipelines that facilitate model training and deployment, using SQL, Python, and Pandas.",Data Scientist,Data Scientist,Job Role,TRUE
197,"Design predictive models while working with data engineers to ensure proper data storage and management, using tools like MySQL, Docker, and Scikit-learn.",Data Scientist,Data Scientist,Job Role,TRUE
198,"Collaborate with data engineering teams to integrate machine learning models into data platforms, ensuring scalability and performance, using tools like Kubernetes and TensorFlow.",Data Scientist,Data Scientist,Job Role,TRUE
199,"Create efficient data workflows for feature extraction while ensuring integration of raw data with analytical tools, working with data engineers using Apache NiFi and AWS S3.",Data Scientist,Data Scientist,Job Role,TRUE
200,"Work with data engineers to implement and maintain end-to-end data workflows that provide high-quality data for machine learning modeling, utilizing tools like Apache Airflow and BigQuery.",Data Scientist,Data Engineer,Job Role,FALSE
201,"Design and deploy machine learning models to solve business problems, while working closely with data scientists for feature engineering and model optimization using Python and TensorFlow.",ML Engineer,Data Engineer,Job Role,FALSE
202,"Implement scalable and efficient machine learning algorithms, collaborating with data scientists to ensure data quality and the creation of impactful features, leveraging tools like PyTorch and Kubernetes.",ML Engineer,ML Engineer,Job Role,TRUE
203,"Develop end-to-end machine learning pipelines for data preparation, model training, and deployment, working with data scientists on model evaluation and selection, using Apache Airflow and Docker.",ML Engineer,ML Engineer,Job Role,TRUE
204,"Collaborate with data scientists to implement machine learning models into production environments, ensuring data flows seamlessly through pipelines using AWS and GCP.",ML Engineer,ML Engineer,Job Role,TRUE
205,"Work on optimizing machine learning models by tuning hyperparameters and enhancing algorithm performance, while partnering with data scientists for advanced analytics and insights using tools like scikit-learn and Keras.",ML Engineer,ML Engineer,Job Role,TRUE
206,"Build and maintain data processing frameworks and pipelines for large-scale machine learning applications, assisting data scientists in data preprocessing and feature engineering using Spark and Apache Kafka.",ML Engineer,ML Engineer,Job Role,TRUE
207,"Work closely with data scientists to develop and deploy deep learning models for image recognition or NLP tasks, utilizing tools like PyTorch, TensorFlow, and cloud services.",ML Engineer,ML Engineer,Job Role,TRUE
208,"Deploy and monitor machine learning models in production environments, collaborating with data scientists for continuous model improvements and data flow management using Docker and AWS Lambda.",ML Engineer,ML Engineer,Job Role,TRUE
209,"Collaborate with data scientists to automate data pipelines and ensure data readiness for machine learning tasks, using tools such as Apache NiFi, SQL, and cloud-based storage systems like S3.",ML Engineer,ML Engineer,Job Role,TRUE
210,"Design scalable machine learning solutions that support business objectives, working alongside data scientists to align model development with business strategies, utilizing tools like Apache Spark, Python, and SQL.",ML Engineer,ML Engineer,Job Role,TRUE
211,"Design and build scalable data pipelines to process large datasets, working closely with machine learning engineers to ensure seamless integration of data for model training and deployment.",Data Engineer,Data Engineer,Job Role,TRUE
212,"Develop and maintain data architectures that support the efficient storage, retrieval, and processing of data, collaborating with ML engineers to ensure models have the necessary data inputs and features.",Data Engineer,Data Engineer,Job Role,TRUE
213,"Implement real-time data streaming solutions for machine learning applications, ensuring smooth data flow and accessibility for model training and inference using Kafka and Spark.",Data Engineer,Data Engineer,Job Role,TRUE
214,"Collaborate with ML engineers to design data processing workflows that clean, transform, and prepare data for machine learning models, leveraging tools like Python, SQL, and Apache Airflow.",Data Engineer,Data Engineer,Job Role,TRUE
215,"Build robust data pipelines that integrate machine learning models into production environments, working with teams to ensure the availability of real-time data for model inference and updates.",Data Engineer,Data Engineer,Job Role,TRUE
216,"Automate the process of data collection and transformation for machine learning applications, working with ML engineers to ensure data quality and pipeline efficiency using Apache NiFi and Python.",ML Engineer,ML Engineer,Job Role,TRUE
217,"Work on large-scale data infrastructure and ensure data is properly stored and accessible for machine learning applications, using cloud services like AWS, GCP, and tools like Hadoop and Redshift.",ML Engineer,ML Engineer,Job Role,TRUE
218,"Develop data ingestion and processing solutions for time-series data, collaborating with ML engineers to ensure that clean, structured data is available for predictive model training and evaluation.",Data Engineer,Data Engineer,Job Role,TRUE
219,"Implement and manage data warehouses to support data analysis and machine learning workflows, ensuring data is organized and optimized for use by ML models using tools like Snowflake, SQL, and Airflow.",ML Engineer,ML Engineer,Job Role,TRUE
220,"Ensure high-quality data availability for machine learning tasks by building and maintaining efficient ETL pipelines, working closely with ML engineers to meet data requirements for model development and performance.",ML Engineer,ML Engineer,Job Role,TRUE
221,"Implement scalable and efficient machine learning algorithms, collaborating with data scientists to ensure data quality and the creation of impactful features, leveraging tools like PyTorch and Kubernetes.",Data Scientist,Data Scientist,Job Role,TRUE
222,"Develop end-to-end machine learning pipelines for data preparation, model training, and deployment, working with data scientists on model evaluation and selection, using Apache Airflow and Docker.",Data Scientist,Data Scientist,Job Role,TRUE
223,"Collaborate with data scientists to implement machine learning models into production environments, ensuring data flows seamlessly through pipelines using AWS and GCP.",ML Engineer,ML Engineer,Job Role,TRUE
224,"Work on optimizing machine learning models by tuning hyperparameters and enhancing algorithm performance, while partnering with data scientists for advanced analytics and insights using tools like scikit-learn and Keras.",Data Scientist,Data Scientist,Job Role,TRUE
225,"Build and maintain data processing frameworks and pipelines for large-scale machine learning applications, assisting data scientists in data preprocessing and feature engineering using Spark and Apache Kafka.",ML Engineer,Data Engineer,Job Role,FALSE
226,"Work closely with data scientists to develop and deploy deep learning models for image recognition or NLP tasks, utilizing tools like PyTorch, TensorFlow, and cloud services.",ML Engineer,ML Engineer,Job Role,TRUE
227,"Deploy and monitor machine learning models in production environments, collaborating with data scientists for continuous model improvements and data flow management using Docker and AWS Lambda.",Data Scientist,Data Scientist,Job Role,TRUE
228,"Collaborate with data scientists to automate data pipelines and ensure data readiness for machine learning tasks, using tools such as Apache NiFi, SQL, and cloud-based storage systems like S3.",ML Engineer,ML Engineer,Job Role,TRUE
229,"Design and build machine learning infrastructure to support scalable data workflows, working with data scientists to optimize feature extraction and model training using Kubernetes and TensorFlow.",Data Scientist,Data Scientist,Job Role,TRUE
230,"Develop robust data pipelines for real-time machine learning applications, working with data scientists on model deployment and performance monitoring using tools like Apache Flink and AWS SageMaker.",ML Engineer,ML Engineer,Job Role,TRUE
231,"Develop and deploy machine learning models, collaborating with data scientists to analyze large datasets, clean data, and generate features using tools like TensorFlow and Python.",Data Scientist,Data Scientist,Job Role,TRUE
232,"Design and implement machine learning algorithms for recommendation systems, working closely with data engineers to ensure efficient data pipelines and storage solutions using Spark and Hadoop.",ML Engineer,ML Engineer,Job Role,TRUE
233,"Work on developing deep learning models for computer vision tasks, integrating data scientists' insights for preprocessing data and improving model accuracy using libraries like PyTorch and OpenCV.",Data Scientist,Data Scientist,Job Role,TRUE
234,"Create and optimize predictive models for forecasting demand, working with data scientists to improve feature engineering and selecting the best models using scikit-learn and XGBoost.",ML Engineer,ML Engineer,Job Role,TRUE
235,"Build scalable machine learning systems for natural language processing (NLP) applications, collaborating with data engineers to design data pipelines that support large-scale processing in real-time.",ML Engineer,ML Engineer,Job Role,TRUE
236,"Develop reinforcement learning models to optimize decision-making processes, working with data scientists to analyze and clean large datasets and enhance model performance using TensorFlow and Keras.",ML Engineer,ML Engineer,Job Role,TRUE
237,"Collaborate with cross-functional teams to integrate machine learning models into production environments, ensuring seamless data flow and monitoring system performance using Docker and AWS.",ML Engineer,ML Engineer,Job Role,TRUE
238,"Design and fine-tune machine learning algorithms for classification tasks, assisting in the data preparation and model evaluation process while utilizing cloud platforms like Google Cloud and Azure.",ML Engineer,ML Engineer,Job Role,TRUE
239,"Develop deep learning frameworks for audio processing tasks, working alongside data scientists to refine data collection techniques and model deployment using TensorFlow and PyTorch.",Data Engineer,Data Engineer,Job Role,TRUE
240,"Work on the optimization and scaling of ML pipelines, ensuring efficient data processing and model updates in production environments with tools like Apache Kafka and Kubernetes.",Data Engineer,Data Engineer,Job Role,TRUE
241,"Build and maintain a real-time data processing system for anomaly detection, collaborating with data scientists for feature extraction and utilizing Apache Flink and TensorFlow.",Data Engineer,Data Engineer,Job Role,TRUE
242,"Develop predictive models for customer churn analysis, collaborating with data engineers to streamline the data pipeline and improve model accuracy using scikit-learn and LightGBM.",Data Engineer,Data Engineer,Job Role,TRUE
243,"Implement and optimize supervised and unsupervised learning models for clustering tasks, collaborating with data scientists to analyze and prepare data using SQL and pandas.",ML Engineer,ML Engineer,Job Role,TRUE
244,"Design and optimize deep learning models for image segmentation, integrating feedback from data scientists to improve accuracy and speed using frameworks like TensorFlow and Keras.",ML Engineer,ML Engineer,Job Role,TRUE
245,"Collaborate with data scientists to develop models for time-series forecasting, ensuring that data preprocessing is optimized and the final model is deployed in a production environment.",ML Engineer,ML Engineer,Job Role,TRUE
246,"Build machine learning models to automate fraud detection in financial transactions, ensuring data integrity and model performance with tools like PyTorch and AWS SageMaker.",ML Engineer,ML Engineer,Job Role,TRUE
247,"Work on scaling machine learning systems for large datasets, assisting data scientists in data wrangling and feature engineering, and deploying models in cloud environments like AWS or GCP.",ML Engineer,ML Engineer,Job Role,TRUE
248,"Develop model evaluation frameworks for ML projects, working closely with data scientists to ensure high-quality data and implement best practices in model performance metrics.",ML Engineer,ML Engineer,Job Role,TRUE
249,"Collaborate on the development of machine learning-driven products, working with data scientists to refine model selection, hyperparameter tuning, and optimization using scikit-learn and XGBoost.",ML Engineer,ML Engineer,Job Role,TRUE
250,"Design and implement NLP models for sentiment analysis, working with data engineers to integrate clean data sources and fine-tuning models for deployment using TensorFlow and NLTK.",Data Engineer,Data Engineer,Job Role,TRUE
